N,p,compiler,flags,t_XtX,t_Xty,t_GE,t_GJ,total_GE,total_GJ,speedup_GE_vs_gcc,speedup_GJ_vs_gcc
20000,50,gcc,-O0,0.202,0.01,0.0,0.0,0.21200000000000002,0.21200000000000002,1.0,1.0
20000,50,icc,-O0,0.202,0.01,0.0,0.0,0.21200000000000002,0.21200000000000002,1.0,1.0
20000,50,icx,-O0,0.17,0.002,0.0,0.0,0.17200000000000001,0.17200000000000001,1.2325581395348837,1.2325581395348837
20000,50,gcc,-O2 -march=native,0.03,0.0,0.0,0.0,0.03,0.03,1.0,1.0
20000,50,icc,-O2 -march=native,0.01,0.0,0.0,0.0,0.01,0.01,3.0,3.0
20000,50,icx,-O2 -march=native,0.01,0.0,0.0,0.0,0.01,0.01,3.0,3.0
20000,50,gcc,-O3 -march=native,0.01,0.0,0.0,0.0,0.01,0.01,1.0,1.0
20000,50,icc,-O3 -march=native,0.0,0.0,0.0,0.0,0.0,0.0,,
20000,50,icx,-O3 -march=native,0.01,0.0,0.0,0.0,0.01,0.01,1.0,1.0
20000,50,gcc,-Ofast -march=native,0.01,0.0,0.0,0.0,0.01,0.01,1.0,1.0
20000,50,icc,-Ofast -march=native,0.0,0.0,0.0,0.0,0.0,0.0,,
20000,50,icx,-Ofast -march=native,0.01,0.0,0.0,0.0,0.01,0.01,1.0,1.0
50000,300,gcc,-O0,18.314,0.1,0.03,0.05,18.444000000000003,18.464000000000002,1.0,1.0
50000,300,icc,-O0,18.253999999999998,0.11000000000000001,0.03,0.05,18.394,18.413999999999998,1.00271827769925,1.0027153252959706
50000,300,icx,-O0,15.072,0.1,0.03,0.04,15.201999999999998,15.211999999999998,1.2132614129719776,1.2137785958453855
50000,300,gcc,-O2 -march=native,2.7640000000000002,0.04,0.01,0.01,2.814,2.814,1.0,1.0
50000,300,icc,-O2 -march=native,0.8299999999999998,0.01,0.0,0.0,0.8399999999999999,0.8399999999999999,3.3500000000000005,3.3500000000000005
50000,300,icx,-O2 -march=native,0.97,0.04,0.0,0.0,1.01,1.01,2.786138613861386,2.786138613861386
50000,300,gcc,-O3 -march=native,1.706,0.04,0.0,0.01,1.746,1.756,1.0,1.0
50000,300,icc,-O3 -march=native,0.24,0.01,0.0,0.0,0.25,0.25,6.984,7.024
50000,300,icx,-O3 -march=native,0.966,0.05,0.0,0.0,1.016,1.016,1.718503937007874,1.7283464566929134
50000,300,gcc,-Ofast -march=native,1.642,0.04,0.0,0.01,1.682,1.692,1.0,1.0
50000,300,icc,-Ofast -march=native,0.24,0.01,0.0,0.0,0.25,0.25,6.728,6.768
50000,300,icx,-Ofast -march=native,0.97,0.05,0.0,0.0,1.02,1.02,1.6490196078431372,1.6588235294117646
2000,2000,gcc,-O0,32.428,0.02,9.22,13.85,41.668,46.298,1.0,1.0
2000,2000,icc,-O0,32.4,0.02,8.931999999999999,13.440000000000001,41.352000000000004,45.86,1.0076417101953956,1.0095508068033145
2000,2000,icx,-O0,28.221999999999998,0.02,7.767999999999999,11.664,36.01,39.906,1.1571230213829493,1.1601764145742495
2000,2000,gcc,-O2 -march=native,5.548,0.01,1.596,2.886,7.154,8.443999999999999,1.0,1.0
2000,2000,icc,-O2 -march=native,3.232,0.0,0.9640000000000001,1.514,4.196000000000001,4.746,1.7049571020019063,1.7791824694479559
2000,2000,icx,-O2 -march=native,3.186,0.01,0.9559999999999998,1.498,4.151999999999999,4.694,1.723025048169557,1.7988922028121004
2000,2000,gcc,-O3 -march=native,3.886,0.01,1.184,1.8060000000000003,5.08,5.702,1.0,1.0
2000,2000,icc,-O3 -march=native,0.86,0.0,0.96,1.51,1.8199999999999998,2.37,2.7912087912087915,2.4059071729957804
2000,2000,icx,-O3 -march=native,3.2399999999999998,0.01,0.952,1.494,4.202,4.744,1.2089481199428844,1.201939291736931
2000,2000,gcc,-Ofast -march=native,3.7359999999999998,0.01,1.18,1.766,4.925999999999999,5.512,1.0,1.0
2000,2000,icc,-Ofast -march=native,0.858,0.0,0.966,1.522,1.8239999999999998,2.38,2.700657894736842,2.3159663865546216
2000,2000,icx,-Ofast -march=native,3.222,0.01,0.95,1.498,4.1819999999999995,4.7299999999999995,1.1779053084648494,1.1653276955602536
