compiler,flags,N,p,GE_Max,GJ_Max,GE_RMS,GJ_RMS,diff
gcc,-O0,2000,2000,30.288211,30.288211,8.956685,8.956685,No
gcc,-O2 -march=native,2000,2000,30.288211,30.288211,8.956685,8.956685,No
gcc,-O3 -march=native,2000,2000,30.288211,30.288211,8.956685,8.956685,No
gcc,-Ofast -march=native,2000,2000,30.288208000000004,30.288208000000004,8.956684,8.956684,No
icc,-O0,2000,2000,30.288211,30.288211,8.956685,8.956685,No
icc,-O2 -march=native,2000,2000,30.288211,30.288211,8.956685,8.956685,No
icc,-O3 -march=native,2000,2000,30.28821,30.288211,8.956685,8.956685,Sí (Max)
icc,-Ofast -march=native,2000,2000,30.28821,30.288211,8.956685,8.956685,Sí (Max)
icx,-O0,2000,2000,30.288211,30.288211,8.956685,8.956685,No
icx,-O2 -march=native,2000,2000,30.288209000000002,30.288209000000002,8.956684,8.956684,No
icx,-O3 -march=native,2000,2000,30.288208000000004,30.288208000000004,8.956684,8.956684,No
icx,-Ofast -march=native,2000,2000,30.288208000000004,30.288208000000004,8.956684,8.956684,No
gcc,-O0,20000,50,0.008139,0.008139,0.003066,0.003066,No
gcc,-O2 -march=native,20000,50,0.008139,0.008139,0.003066,0.003066,No
gcc,-O3 -march=native,20000,50,0.008139,0.008139,0.003066,0.003066,No
gcc,-Ofast -march=native,20000,50,0.008139,0.008139,0.003066,0.003066,No
icc,-O0,20000,50,0.008139,0.008139,0.003066,0.003066,No
icc,-O2 -march=native,20000,50,0.008139,0.008139,0.003066,0.003066,No
icc,-O3 -march=native,20000,50,0.008139,0.008139,0.003066,0.003066,No
icc,-Ofast -march=native,20000,50,0.008139,0.008139,0.003066,0.003066,No
icx,-O0,20000,50,0.008139,0.008139,0.003066,0.003066,No
icx,-O2 -march=native,20000,50,0.008139,0.008139,0.003066,0.003066,No
icx,-O3 -march=native,20000,50,0.008139,0.008139,0.003066,0.003066,No
icx,-Ofast -march=native,20000,50,0.008139,0.008139,0.003066,0.003066,No
gcc,-O0,50000,300,0.00784,0.00784,0.002276,0.002276,No
gcc,-O2 -march=native,50000,300,0.00784,0.00784,0.002276,0.002276,No
gcc,-O3 -march=native,50000,300,0.00784,0.00784,0.002276,0.002276,No
gcc,-Ofast -march=native,50000,300,0.00784,0.00784,0.002276,0.002276,No
icc,-O0,50000,300,0.00784,0.00784,0.002276,0.002276,No
icc,-O2 -march=native,50000,300,0.00784,0.00784,0.002276,0.002276,No
icc,-O3 -march=native,50000,300,0.00784,0.00784,0.002276,0.002276,No
icc,-Ofast -march=native,50000,300,0.00784,0.00784,0.002276,0.002276,No
icx,-O0,50000,300,0.00784,0.00784,0.002276,0.002276,No
icx,-O2 -march=native,50000,300,0.00784,0.00784,0.002276,0.002276,No
icx,-O3 -march=native,50000,300,0.00784,0.00784,0.002276,0.002276,No
icx,-Ofast -march=native,50000,300,0.00784,0.00784,0.002276,0.002276,No
